{
    "version": "2.1.0",
    "accuracy": 0.9180327868852459,
    "precision": 0.8709677419354839,
    "recall": 0.9642857142857143,
    "f1": 0.9152542372881356,
    "roc_auc": 0.9588744588744589,
    "pr_auc": 0.9257782692291878,
    "brier_score": 0.07869232364083503,
    "calibration_curve": {
        "prob_true": [
            0.0,
            0.0,
            0.3333333333333333,
            0.0,
            0.0,
            0.5,
            0.5,
            0.75,
            1.0,
            0.9375
        ],
        "prob_pred": [
            0.05315781594231674,
            0.14574761041162043,
            0.22798095240239644,
            0.37971699138874343,
            0.4443142260720128,
            0.5689913235744766,
            0.6509384772481583,
            0.7614217637243031,
            0.8565691265566142,
            0.9403677357994709
        ]
    },
    "feature_analysis": {
        "correlation": {
            "age": {
                "age": 1.0,
                "sex": -0.07750240956484011,
                "cp": 0.06643979704758358,
                "trestbps": 0.23964224540098567,
                "chol": 0.21959820545129122,
                "fbs": 0.17336026106176416,
                "restecg": 0.11712653429079649,
                "thalach": -0.41271117654599665,
                "exang": 0.07682133331465146,
                "oldpeak": 0.2705563470298632,
                "slope": 0.22913737993428335,
                "ca": 0.3302607434227669,
                "thal": 0.2082006173858391
            },
            "sex": {
                "age": -0.07750240956484011,
                "sex": 1.0,
                "cp": 0.026950893647777332,
                "trestbps": 0.04677898468997613,
                "chol": -0.22188891122949844,
                "fbs": 0.14517325660936717,
                "restecg": 0.0323013170778796,
                "thalach": -0.0659078277004505,
                "exang": 0.2010141080971223,
                "oldpeak": 0.09180473850244766,
                "slope": -0.0007563243098420854,
                "ca": 0.07820983969752998,
                "thal": 0.38780484167741525
            },
            "cp": {
                "age": 0.06643979704758358,
                "sex": 0.026950893647777332,
                "cp": 1.0,
                "trestbps": -0.10077989984836219,
                "chol": 0.04417122278816087,
                "fbs": -0.029289220207732548,
                "restecg": 0.0284086683783121,
                "thalach": -0.33286715636435005,
                "exang": 0.4041021956366334,
                "oldpeak": 0.16067406909552653,
                "slope": 0.14135800065692303,
                "ca": 0.2448916445079989,
                "thal": 0.3008328996393818
            },
            "trestbps": {
                "age": 0.23964224540098567,
                "sex": 0.04677898468997613,
                "cp": -0.10077989984836219,
                "trestbps": 1.0,
                "chol": 0.1448701209518461,
                "fbs": 0.20238158242092946,
                "restecg": 0.15796855521108555,
                "thalach": -0.020130576989768025,
                "exang": 0.010772586952484444,
                "oldpeak": 0.25376631025127777,
                "slope": 0.14653025535187605,
                "ca": 0.08803820562923399,
                "thal": 0.23896331567205528
            },
            "chol": {
                "age": 0.21959820545129122,
                "sex": -0.22188891122949844,
                "cp": 0.04417122278816087,
                "trestbps": 0.1448701209518461,
                "chol": 1.0,
                "fbs": 0.032615042597039234,
                "restecg": 0.17011891833567935,
                "thalach": -0.008136331238458139,
                "exang": 0.05047819005522488,
                "oldpeak": 0.03237929327011667,
                "slope": -0.029357551718180514,
                "ca": 0.12350979245497995,
                "thal": 0.053558998384459794
            },
            "fbs": {
                "age": 0.17336026106176416,
                "sex": 0.14517325660936717,
                "cp": -0.029289220207732548,
                "trestbps": 0.20238158242092946,
                "chol": 0.032615042597039234,
                "fbs": 1.0,
                "restecg": 0.041852528810888925,
                "thalach": 0.027144550940893145,
                "exang": 0.031659690507822476,
                "oldpeak": 0.044560160421681226,
                "slope": 0.08368804917673646,
                "ca": 0.17107142664761693,
                "thal": 0.07389244203792612
            },
            "restecg": {
                "age": 0.11712653429079649,
                "sex": 0.0323013170778796,
                "cp": 0.0284086683783121,
                "trestbps": 0.15796855521108555,
                "chol": 0.17011891833567935,
                "fbs": 0.041852528810888925,
                "restecg": 1.0,
                "thalach": -0.08431742523750904,
                "exang": 0.13323423401976928,
                "oldpeak": 0.15850642881423363,
                "slope": 0.22096935700314435,
                "ca": 0.1094680769150696,
                "thal": 0.054298269141313235
            },
            "thalach": {
                "age": -0.41271117654599665,
                "sex": -0.0659078277004505,
                "cp": -0.33286715636435005,
                "trestbps": -0.020130576989768025,
                "chol": -0.008136331238458139,
                "fbs": 0.027144550940893145,
                "restecg": -0.08431742523750904,
                "thalach": 1.0,
                "exang": -0.37558153929840415,
                "oldpeak": -0.37987218046339144,
                "slope": -0.4801199985450119,
                "ca": -0.24718355290327346,
                "thal": -0.3115503620090874
            },
            "exang": {
                "age": 0.07682133331465146,
                "sex": 0.2010141080971223,
                "cp": 0.4041021956366334,
                "trestbps": 0.010772586952484444,
                "chol": 0.05047819005522488,
                "fbs": 0.031659690507822476,
                "restecg": 0.13323423401976928,
                "thalach": -0.37558153929840415,
                "exang": 1.0,
                "oldpeak": 0.3029889151285773,
                "slope": 0.34580956636618804,
                "ca": 0.1179218206102172,
                "thal": 0.3487283799981016
            },
            "oldpeak": {
                "age": 0.2705563470298632,
                "sex": 0.09180473850244766,
                "cp": 0.16067406909552653,
                "trestbps": 0.25376631025127777,
                "chol": 0.03237929327011667,
                "fbs": 0.044560160421681226,
                "restecg": 0.15850642881423363,
                "thalach": -0.37987218046339144,
                "exang": 0.3029889151285773,
                "oldpeak": 1.0,
                "slope": 0.5850744521419832,
                "ca": 0.37790305800806095,
                "thal": 0.37277809477436996
            },
            "slope": {
                "age": 0.22913737993428335,
                "sex": -0.0007563243098420854,
                "cp": 0.14135800065692303,
                "trestbps": 0.14653025535187605,
                "chol": -0.029357551718180514,
                "fbs": 0.08368804917673646,
                "restecg": 0.22096935700314435,
                "thalach": -0.4801199985450119,
                "exang": 0.34580956636618804,
                "oldpeak": 0.5850744521419832,
                "slope": 1.0,
                "ca": 0.10114606901246578,
                "thal": 0.3222978989334224
            },
            "ca": {
                "age": 0.3302607434227669,
                "sex": 0.07820983969752998,
                "cp": 0.2448916445079989,
                "trestbps": 0.08803820562923399,
                "chol": 0.12350979245497995,