{
    "accuracy": 0.8852459016393442,
    "roc_auc": 0.9407327586206897,
    "confusion_matrix": [
        [
            26,
            3
        ],
        [
            4,
            28
        ]
    ],
    "best_params": {
        "n_estimators": 237,
        "max_depth": 10,
        "learning_rate": 0.012044241362796606,
        "random_state": 42,
        "eval_metric": "logloss",
        "subsample": 0.7634293074283311,
        "colsample_bytree": 0.5864757919467016
    },
    "healthy_baseline": {
        "age": 52.0,
        "sex": 1.0,
        "cp": 3.0,
        "trestbps": 130.0,
        "chol": 234.5,
        "fbs": 0.0,
        "restecg": 0.0,
        "thalach": 161.0,
        "exang": 0.0,
        "oldpeak": 0.2,
        "slope": 1.0,
        "ca": 0.0,
        "thal": 3.0
    }
}